name,source,category,size
environment_dataset,williams.com,Sales,720913
nice_dataset,jenkins.com,Marketing,966209
table_dataset,phillips.biz,Sales,760245
learn_dataset,larson.com,Health,34295
business_dataset,morgan.com,Marketing,576817
husband_dataset,garcia.net,Health,699181
capital_dataset,garza-mitchell.com,Health,663534
fund_dataset,kent.com,Health,808867
treatment_dataset,newton.biz,Marketing,488059
perhaps_dataset,walsh.net,Health,357082
within_dataset,cole.com,Health,275446
open_dataset,dorsey-james.org,Sales,875072
dinner_dataset,glenn-harris.com,Marketing,752219
old_dataset,walker.com,Finance,964919
car_dataset,lane.com,Finance,757686
house_dataset,brewer.com,Sales,528447
suddenly_dataset,hudson.com,Marketing,37091
according_dataset,sandoval.net,Sales,388070
home_dataset,guzman.biz,Health,677481
evidence_dataset,wright.com,Sales,703816
stand_dataset,hubbard-davila.com,Finance,727033
similar_dataset,harmon-martin.com,Marketing,504895
past_dataset,pierce.com,Sales,674542
behind_dataset,welch.net,Marketing,479438
enter_dataset,ferguson.com,Sales,511850
more_dataset,munoz-kramer.com,Cyber,935210
statement_dataset,palmer.net,Marketing,235360
environmental_dataset,gordon-smith.net,Cyber,907388
probably_dataset,cochran-warren.com,Sales,279634
others_dataset,valenzuela.com,Sales,879910
dark_dataset,lawrence.com,Sales,239730
sister_dataset,rowland.com,Finance,874933
doctor_dataset,hansen.info,Cyber,579036
occur_dataset,mcbride.com,Finance,548262
public_dataset,richardson.net,Sales,325103
here_dataset,williams.org,Finance,890547
year_dataset,jackson-holmes.com,Finance,71645
beautiful_dataset,young.com,Sales,258467
suffer_dataset,lee.info,Marketing,415868
test_dataset,wilson.com,Finance,808102
so_dataset,cole.com,Health,435868
apply_dataset,reese.info,Cyber,336479
light_dataset,chaney.org,Sales,483425
everyone_dataset,buchanan.com,Sales,751862
investment_dataset,fisher-hurley.com,Cyber,981598
contain_dataset,nunez.com,Marketing,743486
action_dataset,nixon.org,Finance,718931
total_dataset,wilson.org,Sales,348968
thank_dataset,lopez.net,Sales,426583
certainly_dataset,ferguson-kennedy.com,Marketing,212297
hard_dataset,ross.net,Cyber,132800
because_dataset,bennett.biz,Sales,954183
least_dataset,washington-pierce.org,Cyber,390716
add_dataset,ruiz.com,Cyber,330020
hit_dataset,leonard.com,Health,842951
wall_dataset,morris-herrera.com,Cyber,805809
somebody_dataset,gonzales-barrera.com,Cyber,659498
ability_dataset,davis.info,Marketing,26787
boy_dataset,rollins.com,Finance,454842
have_dataset,gibson.com,Cyber,478134
challenge_dataset,wright.com,Health,316070
both_dataset,barnes.org,Marketing,603023
company_dataset,brown.biz,Health,277644
area_dataset,mathews.com,Sales,913751
lawyer_dataset,joyce-hardin.biz,Health,314067
health_dataset,thompson.com,Health,202558
establish_dataset,brown.com,Sales,221235
past_dataset,church-page.com,Health,425699
mission_dataset,ryan.biz,Cyber,916264
sound_dataset,garza.biz,Sales,807543
thousand_dataset,conley.com,Health,991336
effort_dataset,murray.com,Cyber,269524
business_dataset,herrera-perry.org,Marketing,404228
part_dataset,wilson.com,Cyber,771388
condition_dataset,jackson.com,Health,375807
by_dataset,frye-thomas.com,Marketing,602004
film_dataset,rivera-spencer.biz,Finance,568986
reveal_dataset,estes.net,Marketing,804778
site_dataset,brady.info,Sales,690738
citizen_dataset,diaz.org,Marketing,496804
too_dataset,martinez.com,Finance,273194
officer_dataset,hammond.info,Sales,682843
energy_dataset,bowman.info,Sales,112981
wonder_dataset,porter.com,Health,486423
much_dataset,richardson-mcclain.com,Sales,770567
involve_dataset,bates.org,Cyber,74124
thank_dataset,morris.com,Finance,436791
risk_dataset,huynh.com,Finance,676044
area_dataset,rodriguez-french.biz,Finance,682623
cold_dataset,schmitt-lambert.org,Cyber,148824
leader_dataset,good-lopez.com,Sales,495370
director_dataset,morgan.com,Cyber,578225
keep_dataset,walker.biz,Health,178775
popular_dataset,moore.com,Finance,768471
it_dataset,hunt.net,Finance,927997
social_dataset,lopez.com,Finance,903670
but_dataset,shields.com,Marketing,876129
book_dataset,richard-hinton.com,Cyber,631781
something_dataset,harmon.com,Cyber,204276
film_dataset,nelson.com,Finance,804685
American_dataset,rodgers.com,Finance,515572
hot_dataset,cummings.com,Cyber,195379
movie_dataset,andrews.biz,Cyber,629479
wide_dataset,cervantes.info,Marketing,817389
guy_dataset,summers-armstrong.com,Cyber,775675
likely_dataset,alexander-ashley.net,Finance,219091
window_dataset,wood.com,Cyber,290042
white_dataset,adams.com,Marketing,252489
involve_dataset,stephens.net,Cyber,47653
use_dataset,perkins-tanner.biz,Finance,507922
speech_dataset,frey.com,Health,505452
evidence_dataset,rich.info,Cyber,737584
prove_dataset,hamilton.biz,Finance,263475
art_dataset,hernandez.com,Health,89963
risk_dataset,benson-gomez.com,Finance,389609
few_dataset,martinez.biz,Sales,252035
opportunity_dataset,roberts.org,Cyber,458355
material_dataset,morgan.biz,Finance,740759
anyone_dataset,stephens.com,Cyber,462134
item_dataset,mack-hall.com,Sales,500486
myself_dataset,white.net,Finance,1413
alone_dataset,mcdonald-morris.com,Sales,640745
deal_dataset,higgins.com,Marketing,722147
can_dataset,atkins.biz,Cyber,88055
run_dataset,jones.com,Cyber,329262
possible_dataset,frost.org,Cyber,40416
certain_dataset,padilla-kelly.com,Sales,938272
likely_dataset,velazquez-brown.org,Cyber,497506
Congress_dataset,golden.biz,Sales,377332
heart_dataset,melendez.com,Finance,311681
send_dataset,braun-simon.info,Cyber,213477
standard_dataset,hardy.com,Sales,942772
discover_dataset,baker-stafford.biz,Finance,655764
point_dataset,noble-cox.com,Finance,800684
part_dataset,sanchez.com,Marketing,982079
start_dataset,king.org,Finance,800720
free_dataset,cross.com,Health,665143
billion_dataset,palmer-pratt.com,Cyber,148905
deep_dataset,johnson.com,Marketing,9154
authority_dataset,brewer.info,Health,305859
show_dataset,fleming.com,Health,205485
role_dataset,phillips.com,Marketing,200419
movement_dataset,johnson-miller.biz,Finance,462962
there_dataset,williams.com,Finance,641621
item_dataset,cross.com,Health,60805
page_dataset,taylor-owens.info,Marketing,827336
business_dataset,esparza-hensley.net,Sales,525121
less_dataset,anderson-crawford.org,Sales,640548
affect_dataset,calhoun.com,Marketing,391673
year_dataset,herrera.org,Sales,405061
opportunity_dataset,morgan-walker.com,Health,722804
city_dataset,case.com,Finance,288126
beat_dataset,day.net,Finance,68732
also_dataset,avery.com,Finance,24920
new_dataset,jordan.com,Cyber,35315
front_dataset,mahoney-dyer.com,Health,319738
sometimes_dataset,hampton.net,Marketing,497819
huge_dataset,schneider.net,Cyber,830273
food_dataset,richardson.net,Health,572754
relate_dataset,wang-jones.com,Finance,284480
hot_dataset,ramirez-drake.com,Marketing,75756
maintain_dataset,smith.com,Health,9759
response_dataset,sweeney.org,Marketing,400378
add_dataset,phillips.org,Health,849229
board_dataset,dominguez.net,Health,390184
phone_dataset,peters-washington.com,Sales,242653
prove_dataset,travis-simpson.net,Sales,900846
order_dataset,smith.net,Marketing,414278
across_dataset,flowers.biz,Finance,838443
word_dataset,thomas-kennedy.com,Health,27086
beat_dataset,brown.com,Cyber,484505
defense_dataset,adkins.com,Health,156765
ball_dataset,west.com,Cyber,149341
less_dataset,castro.com,Health,215463
serious_dataset,shannon.com,Finance,376762
despite_dataset,barber.net,Sales,872667
imagine_dataset,pennington.org,Marketing,307177
home_dataset,blair.biz,Cyber,626302
sit_dataset,english-fitzpatrick.info,Sales,77838
rest_dataset,perez.com,Finance,329821
leave_dataset,cooper-garrett.com,Sales,183856
floor_dataset,watkins.com,Sales,1474
way_dataset,wright-white.org,Health,878508
word_dataset,rosario.biz,Finance,990366
really_dataset,smith-stephens.net,Marketing,832878
thus_dataset,manning.com,Cyber,187802
bag_dataset,garcia.net,Health,610166
painting_dataset,alexander.org,Finance,900136
class_dataset,evans-pace.net,Marketing,906623
hotel_dataset,young.net,Sales,435967
radio_dataset,miles.org,Sales,814967
among_dataset,patton.com,Cyber,985117
will_dataset,alexander.com,Cyber,396932
through_dataset,wade-ortiz.com,Health,200162
size_dataset,nguyen.net,Sales,266280
movement_dataset,vargas-roy.biz,Marketing,949604
clearly_dataset,benson-carter.com,Cyber,621026
especially_dataset,york.com,Health,994832
good_dataset,phillips.com,Marketing,154441
fall_dataset,davis-rogers.biz,Health,39839
speech_dataset,doyle-bowman.com,Sales,122275
society_dataset,thompson.org,Finance,155022
expect_dataset,ortega.com,Marketing,293314
central_dataset,coleman.com,Marketing,103870
even_dataset,flowers.net,Health,487192
foreign_dataset,hughes.com,Sales,662320
painting_dataset,gray.biz,Finance,57204
yeah_dataset,evans-navarro.net,Finance,655359
to_dataset,martin.com,Sales,910804
kind_dataset,hester.com,Cyber,90595
agreement_dataset,gregory.com,Health,726101
because_dataset,woods-sparks.com,Sales,4049
chance_dataset,noble.com,Finance,165766
eye_dataset,garza.info,Health,980902
yet_dataset,mcdaniel.biz,Marketing,554469
kitchen_dataset,howard-pierce.com,Finance,821418
list_dataset,hopkins-baldwin.com,Cyber,600443
just_dataset,quinn.com,Health,436404
old_dataset,wright-wilson.com,Finance,763281
enter_dataset,austin.biz,Health,78778
significant_dataset,reed.com,Cyber,416569
red_dataset,joyce.com,Sales,726962
affect_dataset,johnson.com,Cyber,769428
available_dataset,johnson.com,Finance,811209
church_dataset,lane-garcia.org,Health,284672
good_dataset,richardson-rivers.com,Marketing,380174
look_dataset,watson.biz,Sales,895956
commercial_dataset,barr.com,Health,470316
coach_dataset,thompson.com,Cyber,702270
pretty_dataset,clark-powell.biz,Health,469157
program_dataset,howard-hahn.com,Health,39466
down_dataset,carr.com,Marketing,990812
institution_dataset,anderson.com,Health,981950
war_dataset,washington.com,Finance,352132
dream_dataset,ramos.info,Health,774543
reduce_dataset,ruiz.com,Finance,520829
away_dataset,ramirez-roberts.net,Sales,592925
reason_dataset,johnston-powers.com,Sales,515705
check_dataset,garcia.com,Sales,395477
money_dataset,york-miller.com,Health,233932
major_dataset,gutierrez.com,Marketing,128957
build_dataset,castro-campbell.net,Sales,155031
scientist_dataset,marsh-coleman.com,Finance,576476
again_dataset,reynolds.org,Finance,41060
poor_dataset,chavez.com,Sales,433906
most_dataset,allen-johnson.com,Cyber,852611
seek_dataset,brown-blanchard.org,Sales,493747
civil_dataset,holland.biz,Finance,4777
economy_dataset,walker.biz,Finance,456254
station_dataset,padilla.com,Sales,700040
goal_dataset,clark.com,Marketing,332264
difference_dataset,hayes.com,Finance,801070
same_dataset,foster.com,Marketing,685177
despite_dataset,higgins.com,Cyber,291472
clearly_dataset,lee-lewis.com,Finance,880537
bar_dataset,ross.com,Cyber,445684
analysis_dataset,brown.com,Finance,964051
successful_dataset,day.info,Sales,356983
plan_dataset,bennett-singh.com,Sales,649796
employee_dataset,johnson-salazar.org,Marketing,606475
need_dataset,hicks.com,Sales,733906
animal_dataset,lyons.org,Marketing,844300
source_dataset,lynn.com,Sales,879224
protect_dataset,lewis.info,Health,781578
Democrat_dataset,gonzalez.com,Marketing,481156
then_dataset,martinez.com,Marketing,234395
clearly_dataset,page.com,Finance,720212
produce_dataset,huffman.net,Sales,157231
send_dataset,lee.net,Finance,533730
people_dataset,cordova-lynch.biz,Sales,94553
wind_dataset,davis-murillo.com,Sales,306399
public_dataset,curry-johnson.com,Cyber,891781
seem_dataset,harper.net,Finance,297564
movie_dataset,bowen.net,Sales,680109
party_dataset,kirk-jones.com,Finance,366693
western_dataset,jones.com,Sales,235595
begin_dataset,parker.com,Cyber,418634
section_dataset,andersen.info,Marketing,448965
on_dataset,hines-pace.net,Sales,580093
shoulder_dataset,osborne.com,Health,683041
American_dataset,leblanc-stewart.org,Cyber,638533
quite_dataset,rowe-parker.com,Finance,98568
simply_dataset,oliver.com,Cyber,921685
enough_dataset,ellis.com,Sales,33018
above_dataset,martin.com,Cyber,649441
former_dataset,foley.org,Cyber,234883
test_dataset,weeks.net,Sales,700777
business_dataset,mejia-elliott.com,Cyber,791489
consumer_dataset,watkins.com,Sales,124089
cell_dataset,russell-miller.info,Health,969647
seat_dataset,myers.net,Finance,530304
glass_dataset,boyd.com,Health,729154
some_dataset,wood.com,Finance,246187
ready_dataset,murphy-massey.com,Cyber,792264
note_dataset,ortiz.com,Cyber,464019
also_dataset,roberts-johnson.com,Cyber,751823
add_dataset,warner.com,Sales,958447
us_dataset,bailey.net,Health,105928
book_dataset,fisher.com,Marketing,530692
could_dataset,reed.com,Health,976944
author_dataset,taylor.org,Sales,651974
challenge_dataset,bright-bradley.org,Cyber,753206
front_dataset,smith.com,Marketing,46397
care_dataset,bell.org,Sales,263531
offer_dataset,jones-waters.org,Marketing,904786
race_dataset,king-peterson.net,Health,140605
miss_dataset,barrett.info,Finance,716787
case_dataset,henderson-ashley.info,Marketing,29276
after_dataset,reynolds-gilbert.org,Sales,76674
star_dataset,alexander-bell.com,Sales,380433
history_dataset,elliott.com,Health,810516
three_dataset,aguirre.org,Finance,553955
up_dataset,gonzalez.com,Health,832704
value_dataset,lynn.com,Finance,959249
entire_dataset,bryant.net,Finance,705749
power_dataset,west.com,Health,574879
appear_dataset,gregory.biz,Finance,584905
lose_dataset,shelton.info,Cyber,663377
economic_dataset,vaughn-griffin.net,Health,634191
everything_dataset,huff.net,Finance,620593
weight_dataset,bryant-buchanan.com,Cyber,260919
for_dataset,gibson.biz,Marketing,358938
upon_dataset,allison-mcgrath.com,Cyber,471239
positive_dataset,welch-mitchell.org,Sales,483248
happy_dataset,parsons-kidd.com,Marketing,484028
price_dataset,warren.com,Health,813487
which_dataset,underwood-howell.com,Health,754420
plant_dataset,phillips-brown.com,Finance,170279
her_dataset,nelson-greene.com,Sales,266606
team_dataset,craig.com,Sales,117638
yourself_dataset,davis-gentry.com,Marketing,647869
go_dataset,mack.biz,Finance,681594
surface_dataset,miller.biz,Finance,924923
senior_dataset,bryan-figueroa.biz,Sales,488198
money_dataset,dawson.com,Cyber,522000
summer_dataset,anderson.biz,Marketing,49651
concern_dataset,kelly.com,Marketing,508605
carry_dataset,ryan-whitney.net,Cyber,808723
record_dataset,blackwell.org,Health,210387
operation_dataset,briggs.info,Health,857105
discussion_dataset,lynn.info,Health,929681
consumer_dataset,hunter.net,Cyber,854091
economy_dataset,peterson.biz,Cyber,867750
good_dataset,nelson.com,Health,57813
Mr_dataset,molina-bowman.net,Sales,350207
wrong_dataset,hampton.com,Health,400135
push_dataset,smith-glass.com,Finance,871678
measure_dataset,carroll.com,Sales,654993
nothing_dataset,dougherty.com,Marketing,699733
identify_dataset,cooper.info,Sales,361120
foot_dataset,walker-walton.com,Marketing,910983
energy_dataset,hood.com,Marketing,681121
various_dataset,braun.biz,Health,453847
tree_dataset,salazar.com,Health,132831
film_dataset,fry.net,Sales,367916
one_dataset,williams.com,Sales,229219
bring_dataset,greene.com,Sales,737649
have_dataset,martinez-armstrong.com,Finance,422121
of_dataset,coleman.info,Sales,681334
major_dataset,wright.org,Marketing,168975
strategy_dataset,ware.com,Cyber,815994
appear_dataset,cooper.com,Cyber,750843
in_dataset,brewer.com,Cyber,809748
remain_dataset,chavez.info,Health,139568
design_dataset,martinez-lester.org,Sales,401642
old_dataset,davis-jones.com,Marketing,142849
close_dataset,sullivan.com,Sales,663199
individual_dataset,washington-king.biz,Marketing,829107
card_dataset,schultz-campos.biz,Sales,992900
thing_dataset,trujillo-lewis.com,Cyber,908567
language_dataset,hatfield-solomon.info,Cyber,864572
ball_dataset,schmidt-chavez.biz,Cyber,542334
expert_dataset,huynh.biz,Cyber,678886
so_dataset,bruce-mcbride.com,Cyber,687416
plant_dataset,schmidt.biz,Cyber,812591
line_dataset,cook-hickman.info,Sales,66828
mouth_dataset,fields.com,Finance,779080
heart_dataset,novak.com,Finance,375161
feeling_dataset,gray.info,Cyber,968852
or_dataset,gutierrez.biz,Cyber,861430
experience_dataset,mathis-daniels.net,Marketing,702757
action_dataset,holmes-bruce.org,Sales,427504
stock_dataset,bush.com,Health,137822
cost_dataset,zimmerman.net,Sales,473507
too_dataset,hall.com,Sales,665624
be_dataset,wilson-andrews.org,Cyber,684400
ability_dataset,luna.info,Finance,687651
common_dataset,anderson.com,Cyber,147041
loss_dataset,johnson.com,Cyber,877365
on_dataset,edwards-griffin.com,Health,619074
entire_dataset,walters.com,Sales,182220
analysis_dataset,blackwell.info,Health,376296
good_dataset,morris.org,Finance,839111
him_dataset,nguyen-cruz.com,Cyber,454445
child_dataset,reed-cuevas.com,Finance,595846
serious_dataset,ho.info,Finance,821671
black_dataset,martinez-martinez.net,Sales,957936
popular_dataset,reid.com,Health,829714
alone_dataset,contreras.info,Health,182970
sport_dataset,garcia.org,Finance,179995
manager_dataset,moore-smith.com,Cyber,850565
shoulder_dataset,kirby.com,Health,48370
agency_dataset,melendez.org,Marketing,992540
receive_dataset,taylor.com,Finance,90004
student_dataset,walker.com,Marketing,898941
measure_dataset,hayes.com,Health,714801
on_dataset,schneider.biz,Sales,534379
effect_dataset,maxwell.info,Cyber,420910
occur_dataset,cobb.com,Cyber,679206
enough_dataset,clark.org,Finance,355752
ok_dataset,joseph.com,Finance,293615
production_dataset,martinez-wright.biz,Marketing,819981
build_dataset,glover-young.com,Finance,910404
actually_dataset,bennett.net,Finance,834571
own_dataset,mccullough-fields.com,Marketing,447304
buy_dataset,owens-bailey.com,Finance,798492
writer_dataset,spencer-travis.info,Finance,788491
protect_dataset,barajas-rodriguez.org,Finance,375918
hour_dataset,page.com,Health,764447
play_dataset,hill-campos.com,Sales,578159
this_dataset,sullivan.biz,Health,149046
play_dataset,harper.com,Sales,579480
color_dataset,gonzalez.com,Marketing,822072
family_dataset,thompson-morales.com,Cyber,546791
my_dataset,patton-hernandez.com,Marketing,579018
night_dataset,foster-carr.com,Health,867171
moment_dataset,larson.net,Marketing,502128
boy_dataset,villanueva.info,Marketing,942119
station_dataset,browning-king.com,Marketing,708123
across_dataset,allen.com,Marketing,519174
understand_dataset,allen.org,Sales,251579
two_dataset,mendez-davis.com,Health,966757
baby_dataset,rodriguez.com,Sales,423746
record_dataset,bauer-murphy.org,Cyber,856156
along_dataset,lewis.com,Health,771295
star_dataset,pham-roberts.org,Health,978539
might_dataset,burnett-drake.com,Health,822150
fine_dataset,sharp.biz,Finance,711445
federal_dataset,gordon.org,Finance,225288
strategy_dataset,galloway.com,Finance,773742
report_dataset,brewer.com,Sales,765247
artist_dataset,martin.com,Finance,574221
girl_dataset,smith.com,Finance,642446
new_dataset,warren-green.com,Cyber,661416
lead_dataset,escobar.com,Sales,295394
shoulder_dataset,williams-smith.org,Sales,566682
practice_dataset,pierce.org,Health,57980
least_dataset,mayer.com,Health,584016
agent_dataset,henderson.biz,Finance,239025
almost_dataset,payne-gomez.com,Cyber,412112
wait_dataset,johnson.com,Finance,497311
baby_dataset,gray.net,Health,742192
car_dataset,dorsey-hunter.com,Sales,281405
hotel_dataset,quinn.com,Cyber,204607
worker_dataset,wheeler-cruz.org,Finance,596538
possible_dataset,brown.info,Marketing,444640
win_dataset,potter.com,Health,908205
car_dataset,white.net,Sales,669839
scientist_dataset,taylor-petersen.com,Health,325700
season_dataset,greer.com,Marketing,919771
town_dataset,moreno.biz,Sales,818588
name_dataset,pennington.com,Cyber,378698
great_dataset,pena.com,Cyber,110000
firm_dataset,larson.com,Cyber,39008
might_dataset,vasquez.net,Sales,695353
relationship_dataset,hicks.com,Sales,122512
focus_dataset,joyce.com,Health,911453
two_dataset,salas-johnston.biz,Finance,688610
nearly_dataset,singleton.net,Finance,323673
member_dataset,martinez.net,Cyber,834234
run_dataset,morris.com,Finance,407712
three_dataset,wagner.com,Cyber,516652
my_dataset,arellano.biz,Health,983666
meet_dataset,kramer-moore.com,Cyber,167213
soon_dataset,ellis-smith.com,Finance,414420
concern_dataset,mckinney-wallace.com,Finance,903229
perform_dataset,cisneros-castro.com,Cyber,805954
economy_dataset,nash-rojas.net,Sales,581279
return_dataset,carter.com,Marketing,604695
key_dataset,harris.com,Finance,620079
campaign_dataset,bennett.org,Finance,436829
most_dataset,petersen.com,Finance,293715
relate_dataset,james.com,Finance,201969
PM_dataset,nguyen.com,Cyber,97346
around_dataset,sullivan.info,Finance,169952
defense_dataset,harris.biz,Cyber,703856
enter_dataset,mann.biz,Sales,186578
watch_dataset,tanner.biz,Finance,261356
miss_dataset,gregory.org,Marketing,187984
option_dataset,waters-smith.com,Finance,668042
personal_dataset,garza.com,Sales,972393
despite_dataset,fuller-long.com,Health,774895
stage_dataset,manning-jimenez.com,Cyber,320093
interesting_dataset,adams.biz,Finance,203635
that_dataset,wright.com,Finance,930042
street_dataset,garner.biz,Finance,624063
close_dataset,zamora.com,Marketing,447283
college_dataset,kelley.com,Finance,881821
challenge_dataset,richardson.biz,Health,104575
number_dataset,ayala.com,Sales,458640
reason_dataset,snyder-mercado.com,Sales,853322
dream_dataset,wilson-smith.com,Sales,451530
dinner_dataset,stevenson.info,Health,460952
for_dataset,long-gonzalez.info,Health,820605
open_dataset,wright.com,Sales,17185
wear_dataset,long.net,Sales,756273
science_dataset,davis.com,Marketing,24771
actually_dataset,mcbride.net,Health,33193
firm_dataset,hodges-watson.org,Health,514102
article_dataset,brown-silva.org,Health,633645
page_dataset,cochran.com,Cyber,919929
almost_dataset,fernandez-perez.com,Marketing,26829
important_dataset,lewis.org,Cyber,889376
apply_dataset,bonilla.com,Cyber,560316
down_dataset,peterson.com,Health,514496
trade_dataset,anderson-russell.org,Sales,773679
father_dataset,jacobson.info,Cyber,213167
wrong_dataset,stein.com,Marketing,715040
alone_dataset,rogers-cabrera.com,Finance,856955
energy_dataset,foster-rodriguez.com,Cyber,704993
vote_dataset,shaffer.com,Health,370955
available_dataset,dickerson-price.com,Marketing,354387
father_dataset,huynh.com,Finance,216336
born_dataset,berg.com,Health,749200
trial_dataset,casey.com,Health,258578
bring_dataset,hernandez.info,Marketing,466614
enter_dataset,brown.com,Health,611199
show_dataset,carroll.com,Cyber,395471
ahead_dataset,ross.com,Cyber,509964
factor_dataset,mcguire.biz,Health,268639
soon_dataset,gonzales-roman.com,Health,938301
entire_dataset,fox-yoder.com,Finance,995204
activity_dataset,hahn-bell.com,Sales,894003
human_dataset,copeland.info,Sales,526825
after_dataset,graves.net,Finance,707646
among_dataset,aguilar.com,Cyber,29524
painting_dataset,christensen-jones.org,Health,151278
between_dataset,luna.info,Cyber,813415
hear_dataset,vasquez.com,Cyber,104527
structure_dataset,rodriguez.com,Marketing,603951
sound_dataset,harris.com,Cyber,15690
daughter_dataset,burnett.com,Marketing,735053
others_dataset,thornton-velez.com,Marketing,982057
throw_dataset,west.org,Cyber,14419
sense_dataset,houston-ryan.biz,Sales,433889
accept_dataset,baker-leonard.biz,Cyber,697576
his_dataset,waters.org,Finance,921928
forward_dataset,craig-andrade.org,Sales,132782
newspaper_dataset,foster.com,Marketing,180910
after_dataset,tucker-cochran.com,Sales,550899
himself_dataset,jefferson-brooks.com,Finance,801647
visit_dataset,jones-hughes.com,Cyber,500667
suggest_dataset,drake.com,Health,990116
bill_dataset,smith.com,Health,457604
interview_dataset,perez.org,Health,116920
nor_dataset,phillips-johnson.com,Sales,479169
green_dataset,leon.com,Marketing,965785
few_dataset,mclaughlin-sherman.com,Cyber,293240
one_dataset,sanchez.net,Sales,708373
before_dataset,walker.com,Cyber,20097
political_dataset,friedman.net,Cyber,452540
more_dataset,payne.com,Finance,395291
number_dataset,patel.com,Marketing,163316
claim_dataset,reyes.com,Cyber,123120
try_dataset,ramsey.info,Finance,205654
economic_dataset,cooper-stanley.net,Finance,227904
now_dataset,thomas-smith.com,Marketing,579075
just_dataset,hughes.biz,Health,147979
speak_dataset,morales.com,Health,105206
notice_dataset,johnson.biz,Marketing,365187
we_dataset,smith-swanson.com,Cyber,460762
before_dataset,thornton.com,Cyber,428134
theory_dataset,clark.com,Finance,901522
fact_dataset,huang.biz,Cyber,892482
investment_dataset,oconnor-drake.com,Cyber,938667
reason_dataset,roberts.com,Marketing,204184
ever_dataset,harris.com,Marketing,381409
protect_dataset,jackson.com,Finance,395062
record_dataset,joseph.com,Sales,691354
court_dataset,rodriguez.info,Health,218182
long_dataset,mitchell.com,Health,507388
detail_dataset,mathews.com,Marketing,281366
agreement_dataset,robertson.org,Marketing,454365
together_dataset,thompson.net,Cyber,709379
big_dataset,mccarty.info,Cyber,61278
two_dataset,austin.com,Sales,449188
city_dataset,adams.com,Marketing,551252
concern_dataset,moore.info,Health,281414
base_dataset,wilson-kelly.com,Marketing,244450
lead_dataset,ramirez-soto.info,Sales,812494
history_dataset,gutierrez-butler.com,Cyber,551160
big_dataset,hopkins.info,Marketing,275007
beat_dataset,mills.com,Finance,119517
sort_dataset,graham.com,Sales,256996
threat_dataset,wallace.info,Health,63258
choice_dataset,romero-ross.com,Finance,47026
forget_dataset,roberts-burke.com,Health,871986
hope_dataset,rubio.com,Cyber,583842
face_dataset,adkins.com,Marketing,93240
each_dataset,johnson.com,Sales,128102
difference_dataset,williams.com,Health,195026
use_dataset,vazquez-thompson.com,Health,414916
record_dataset,rodriguez-richard.com,Marketing,116766
capital_dataset,hoffman.biz,Sales,46745
order_dataset,johnson.com,Health,393189
garden_dataset,thomas.com,Cyber,3163
tend_dataset,guerra.com,Cyber,435283
for_dataset,baker-stewart.com,Marketing,150896
range_dataset,sullivan.biz,Cyber,579319
scene_dataset,clark.com,Sales,606922
specific_dataset,patterson.biz,Finance,966130
partner_dataset,nunez.com,Cyber,929264
here_dataset,burgess.com,Cyber,383763
return_dataset,scott.info,Marketing,77051
experience_dataset,wood-bryan.org,Finance,387095
stand_dataset,green.biz,Marketing,138541
although_dataset,baker.com,Sales,824553
call_dataset,hardy.com,Health,197190
mention_dataset,hensley.com,Finance,333719
available_dataset,jones.com,Health,672241
commercial_dataset,craig-lewis.org,Finance,508577
development_dataset,goodman-anderson.com,Cyber,806153
value_dataset,miller.com,Finance,304379
commercial_dataset,reyes.com,Marketing,989500
cost_dataset,guzman.org,Finance,431029
stay_dataset,smith.net,Finance,803653
almost_dataset,gomez.com,Health,581318
take_dataset,best.com,Cyber,734460
answer_dataset,smith-nash.com,Cyber,857613
program_dataset,williams-yang.biz,Marketing,304748
for_dataset,pineda.com,Finance,333365
military_dataset,bryan.com,Finance,792554
part_dataset,graves-rivas.net,Cyber,936595
leg_dataset,madden.biz,Marketing,574065
show_dataset,roy.net,Finance,514312
staff_dataset,odonnell-turner.net,Health,951612
really_dataset,murray.com,Health,598114
treat_dataset,jackson-stewart.biz,Cyber,274257
season_dataset,rollins-myers.info,Health,450525
cut_dataset,thompson.com,Cyber,901715
somebody_dataset,kelly.com,Marketing,914886
billion_dataset,harper.info,Health,291200
notice_dataset,weaver.info,Sales,202425
marriage_dataset,robertson-williams.org,Finance,587127
quite_dataset,cox.com,Finance,680561
onto_dataset,patel.com,Marketing,369177
trade_dataset,larson-scott.net,Sales,458301
military_dataset,sanders.net,Sales,861209
big_dataset,peters.com,Sales,532701
you_dataset,thomas.com,Finance,821212
board_dataset,hernandez.com,Cyber,372641
she_dataset,campbell-liu.com,Sales,809408
decision_dataset,baker-cain.com,Marketing,469500
later_dataset,howard.com,Marketing,770548
crime_dataset,phelps.info,Finance,776993
network_dataset,miles-ball.info,Cyber,908909
major_dataset,green-farmer.com,Finance,832058
agreement_dataset,davis.biz,Sales,163760
time_dataset,little.com,Cyber,210595
position_dataset,hernandez-curry.com,Finance,852026
same_dataset,tucker-kirk.biz,Cyber,83580
father_dataset,chapman.com,Finance,492687
continue_dataset,nelson-anderson.com,Marketing,419183
traditional_dataset,mitchell.com,Health,363414
decide_dataset,davis.info,Cyber,465634
cultural_dataset,holloway-brown.com,Marketing,97726
major_dataset,reyes-flores.org,Cyber,750158
black_dataset,brown-morris.biz,Marketing,562704
whom_dataset,manning-beard.com,Sales,827536
either_dataset,brooks.com,Marketing,763463
ability_dataset,wilson.com,Marketing,737485
turn_dataset,robertson.biz,Finance,170981
site_dataset,love.com,Sales,411252
should_dataset,silva.net,Marketing,913733
market_dataset,carter.com,Finance,925377
task_dataset,payne.com,Cyber,283961
consumer_dataset,martin.com,Finance,192702
measure_dataset,wang.org,Finance,995914
probably_dataset,adkins-holder.com,Finance,119005
lead_dataset,chen-li.org,Finance,297938
would_dataset,parker-ferguson.info,Cyber,296202
turn_dataset,clark.com,Cyber,87175
scientist_dataset,hall.org,Finance,705552
place_dataset,hickman-williams.com,Sales,327428
rich_dataset,leblanc.org,Finance,93578
response_dataset,watts.info,Sales,801579
their_dataset,hooper.biz,Sales,551195
worry_dataset,ross.com,Finance,373015
truth_dataset,williams-spencer.com,Finance,812633
describe_dataset,rich.com,Cyber,238034
today_dataset,moran-brock.com,Marketing,889433
rule_dataset,perkins-smith.com,Finance,905980
site_dataset,escobar-smith.com,Marketing,155814
poor_dataset,shelton.com,Sales,587239
show_dataset,garcia.net,Finance,279452
opportunity_dataset,hughes.org,Marketing,484058
window_dataset,miller-price.info,Sales,180652
chance_dataset,jackson-sims.com,Marketing,763692
either_dataset,mcmahon.com,Marketing,540292
spend_dataset,lane.biz,Health,718240
phone_dataset,martinez-nicholson.net,Health,886994
education_dataset,soto.com,Sales,310980
decision_dataset,jones.com,Finance,795907
seven_dataset,bryant-anderson.com,Marketing,759787
from_dataset,brown.com,Marketing,724555
resource_dataset,tucker.com,Marketing,93667
under_dataset,rivera-nichols.info,Cyber,681090
perform_dataset,brown-beltran.info,Marketing,468011
item_dataset,figueroa-martinez.com,Marketing,193620
point_dataset,figueroa.com,Finance,144936
laugh_dataset,jones-peterson.biz,Cyber,135945
international_dataset,bright.net,Sales,247376
cultural_dataset,bailey.org,Cyber,147587
open_dataset,ramirez.com,Health,460600
establish_dataset,avila.com,Health,580083
suggest_dataset,hoover.com,Sales,433023
education_dataset,brown.net,Health,659732
exactly_dataset,grant.info,Sales,888446
realize_dataset,williams.com,Finance,426109
technology_dataset,guerrero.com,Finance,234020
hand_dataset,sweeney-brown.org,Finance,848911
role_dataset,larson-west.com,Cyber,627032
feel_dataset,wong-white.com,Finance,586536
dog_dataset,leonard.com,Health,290141
sport_dataset,cooper.com,Cyber,385034
mean_dataset,solis.net,Sales,492617
bring_dataset,best-schmidt.com,Cyber,518718
experience_dataset,jenkins.com,Sales,294511
action_dataset,clark-thompson.com,Health,891040
than_dataset,dunn.info,Cyber,123897
catch_dataset,richards.com,Sales,442793
present_dataset,ford.com,Finance,519891
political_dataset,griffin.com,Marketing,884761
nothing_dataset,mitchell-russell.com,Cyber,926016
interest_dataset,ball.info,Sales,222656
floor_dataset,salazar.com,Marketing,872236
short_dataset,powell-torres.com,Health,974805
amount_dataset,li.com,Health,236062
away_dataset,schwartz.com,Marketing,241924
maintain_dataset,butler.net,Cyber,881674
enter_dataset,wilson.com,Cyber,511173
rather_dataset,osborne.info,Health,484375
one_dataset,briggs-tate.org,Sales,845703
hand_dataset,salazar-vaughn.com,Marketing,948652
note_dataset,king.com,Health,339146
production_dataset,butler.com,Cyber,366889
these_dataset,brown-chavez.org,Health,104938
color_dataset,gonzalez-cook.com,Finance,250079
step_dataset,smith.com,Sales,787461
cell_dataset,beard-wheeler.com,Cyber,786920
wear_dataset,jones-bryan.biz,Cyber,461925
nothing_dataset,hill.com,Finance,981205
wait_dataset,delgado.org,Sales,401527
like_dataset,green.com,Cyber,428460
image_dataset,cervantes.org,Marketing,151712
white_dataset,thomas-jones.org,Sales,668610
top_dataset,maddox-ellis.com,Cyber,412763
senior_dataset,kline.com,Finance,507952
itself_dataset,nicholson-coleman.com,Cyber,841445
wide_dataset,cunningham-ortega.biz,Cyber,486138
hour_dataset,harvey-reeves.info,Sales,259653
allow_dataset,evans.info,Marketing,913291
catch_dataset,english.com,Marketing,855300
star_dataset,dunlap.com,Health,662388
standard_dataset,ford.com,Sales,217882
challenge_dataset,adkins-fitzpatrick.biz,Sales,793801
soon_dataset,washington.net,Health,427469
ever_dataset,gibbs.net,Cyber,537161
eat_dataset,frank.com,Cyber,601500
yourself_dataset,watts.com,Health,304417
security_dataset,green.info,Cyber,672120
impact_dataset,james.com,Sales,676201
certain_dataset,vargas.net,Cyber,560670
responsibility_dataset,johnson.com,Sales,257632
glass_dataset,anthony.com,Finance,338850
week_dataset,fuentes-allen.com,Sales,740707
generation_dataset,tran.com,Health,192141
so_dataset,stewart.com,Cyber,667964
strategy_dataset,johnson.org,Marketing,868997
pick_dataset,fisher.com,Sales,643239
cold_dataset,holt-stokes.com,Sales,959859
similar_dataset,clark.biz,Sales,894426
set_dataset,santiago.com,Health,143726
project_dataset,fitzpatrick-freeman.net,Sales,173920
include_dataset,gonzalez.com,Marketing,924007
budget_dataset,hinton.net,Cyber,349442
series_dataset,smith-hall.com,Health,440034
range_dataset,walters-patel.info,Marketing,107126
receive_dataset,newton.com,Sales,734835
above_dataset,barnes.com,Finance,450694
lot_dataset,jones.com,Cyber,150631
note_dataset,baird.com,Health,190932
personal_dataset,skinner.org,Finance,94936
toward_dataset,michael-garner.com,Sales,888919
success_dataset,thompson.com,Sales,205260
officer_dataset,zavala.com,Health,768718
consumer_dataset,hernandez.com,Marketing,35762
may_dataset,parrish.com,Finance,92314
take_dataset,williams.com,Cyber,462014
late_dataset,rivera-matthews.com,Cyber,919775
middle_dataset,black.org,Marketing,477668
sea_dataset,myers.org,Marketing,707730
car_dataset,warner.biz,Marketing,437497
once_dataset,rodriguez.biz,Marketing,968109
include_dataset,carter.com,Cyber,457577
enter_dataset,webb.org,Finance,196091
daughter_dataset,hooper.com,Cyber,401482
major_dataset,miller.com,Sales,137784
hotel_dataset,prince.biz,Health,166013
investment_dataset,rice.com,Finance,158732
next_dataset,mathis.com,Sales,424491
political_dataset,morgan.org,Finance,234594
market_dataset,brown.com,Marketing,540706
power_dataset,valenzuela.com,Cyber,495641
reality_dataset,jones.com,Cyber,606176
bag_dataset,byrd.com,Health,147689
institution_dataset,ramirez.com,Sales,780444
energy_dataset,smith.com,Health,231249
and_dataset,campbell.info,Sales,742469
myself_dataset,sutton.net,Marketing,375144
military_dataset,garza-rodriguez.com,Cyber,414212
against_dataset,hood.com,Cyber,390710
popular_dataset,ferguson.biz,Health,617722
difference_dataset,franklin.com,Marketing,12117
attorney_dataset,robinson-brown.com,Finance,344775
building_dataset,barton-cole.net,Health,196429
buy_dataset,watson.net,Marketing,281270
image_dataset,wright.com,Health,548065
read_dataset,ortiz.net,Marketing,542713
animal_dataset,leach-williams.biz,Marketing,467656
above_dataset,thompson.org,Health,141997
week_dataset,mcdonald-navarro.org,Sales,758125
cell_dataset,cruz.com,Health,113287
concern_dataset,howell-thomas.info,Finance,57867
set_dataset,taylor.org,Finance,737959
force_dataset,house.com,Sales,856520
low_dataset,howard.com,Finance,587435
he_dataset,martin.com,Finance,922529
glass_dataset,johnson.com,Marketing,15230
listen_dataset,price-russell.com,Health,730488
the_dataset,johnson-christian.net,Marketing,418868
sea_dataset,ray.net,Cyber,719689
customer_dataset,dodson-lopez.com,Cyber,654994
already_dataset,torres-rodriguez.com,Marketing,854306
time_dataset,ibarra-newton.com,Marketing,277334
some_dataset,jacobs.org,Finance,345060
plant_dataset,odom.org,Health,846483
evening_dataset,cortez.biz,Sales,377937
law_dataset,payne.com,Cyber,784897
huge_dataset,morton.com,Health,221716
marriage_dataset,underwood.com,Cyber,875609
newspaper_dataset,hunter-grimes.com,Marketing,206308
behind_dataset,parker.com,Cyber,809929
dream_dataset,martinez.com,Finance,560811
tough_dataset,nichols-todd.com,Health,116677
employee_dataset,sparks-jones.com,Sales,407751
discover_dataset,brewer.com,Cyber,843944
probably_dataset,ellison.net,Finance,683418
all_dataset,lutz-adams.com,Cyber,277220
than_dataset,price.org,Health,973679
result_dataset,mason-duncan.com,Marketing,151210
every_dataset,ortiz.com,Health,207917
discuss_dataset,ramos-swanson.com,Finance,915284
force_dataset,valentine.biz,Finance,579365
parent_dataset,wright.com,Cyber,538794
real_dataset,bowman.net,Sales,611972
then_dataset,jones.com,Health,41334
only_dataset,keller-sanders.biz,Health,175672
coach_dataset,larson.com,Sales,928784
season_dataset,martin.info,Health,253317
scientist_dataset,bennett.com,Health,73726
ok_dataset,franklin.com,Marketing,612822
probably_dataset,douglas.org,Cyber,228814
source_dataset,howard.com,Sales,881609
section_dataset,patterson.org,Cyber,812154
health_dataset,davis-frost.com,Cyber,679680
pull_dataset,mcdaniel.com,Cyber,131740
direction_dataset,cruz-hill.com,Finance,967034
point_dataset,henderson-fitzgerald.net,Marketing,344355
find_dataset,young.com,Marketing,745317
particular_dataset,taylor.info,Marketing,848851
material_dataset,morgan.com,Health,919256
some_dataset,james-walker.com,Health,468655
same_dataset,christensen-reynolds.com,Cyber,301083
vote_dataset,duncan.com,Finance,874453
pretty_dataset,davidson.net,Cyber,49284
officer_dataset,smith.com,Finance,534504
serve_dataset,garcia.net,Finance,303866
score_dataset,hernandez.com,Marketing,503761
term_dataset,rodriguez-sanders.com,Sales,328313
model_dataset,decker-bailey.com,Sales,340394
low_dataset,rogers-martinez.com,Marketing,37737
animal_dataset,webb-hoover.biz,Finance,327997
sport_dataset,peterson-thomas.com,Marketing,264836
among_dataset,rodriguez-wood.com,Health,990846
letter_dataset,dawson-castaneda.biz,Sales,193399
strategy_dataset,crane.net,Health,863228
relationship_dataset,delgado.info,Finance,52628
way_dataset,thompson.net,Health,596415
no_dataset,klein-schmidt.info,Cyber,772103
politics_dataset,vazquez.biz,Cyber,129380
near_dataset,potts.biz,Finance,889761
light_dataset,morgan.org,Cyber,508603
lot_dataset,sanchez.com,Marketing,693267
conference_dataset,pierce.com,Cyber,660665
amount_dataset,campos.com,Finance,508463
structure_dataset,walker.net,Marketing,34639
beautiful_dataset,walker-cummings.com,Marketing,749340
series_dataset,martinez-marshall.net,Health,270467
ability_dataset,davis-hernandez.com,Marketing,73320
direction_dataset,walsh.com,Finance,487712
young_dataset,miller.biz,Marketing,236548
wind_dataset,king.com,Marketing,973626
deal_dataset,williams.org,Finance,505265
spend_dataset,mendez-compton.net,Sales,78594
war_dataset,bennett.org,Cyber,824684
western_dataset,jacobs.org,Health,664662
cover_dataset,flowers-morgan.com,Sales,558137
the_dataset,reyes-mckinney.org,Finance,192050
whole_dataset,myers-ford.com,Finance,841006
believe_dataset,ramirez.com,Sales,611718
executive_dataset,powell.com,Sales,175422
together_dataset,singleton-white.com,Sales,647502
popular_dataset,harris-ellison.com,Marketing,493071
partner_dataset,jones-santana.com,Cyber,271044
close_dataset,johnson.info,Health,440069
painting_dataset,parsons.com,Health,647350
increase_dataset,hanna.net,Cyber,679552
bill_dataset,bradley-kelly.com,Finance,693710
million_dataset,sanchez.com,Health,652266
affect_dataset,duffy.com,Marketing,497657
return_dataset,santiago.com,Sales,447385
federal_dataset,perez-baker.biz,Health,414998
generation_dataset,holland-west.net,Finance,34927
but_dataset,giles-hull.biz,Health,634272
audience_dataset,graves.com,Sales,802063
election_dataset,mendez-hahn.com,Cyber,144191
field_dataset,ryan.net,Sales,900681
green_dataset,moreno.com,Sales,118949
exist_dataset,glenn.org,Marketing,280429
meeting_dataset,cherry.com,Marketing,252135
environmental_dataset,gilbert.biz,Finance,983145
risk_dataset,hart-hudson.net,Sales,730400
air_dataset,logan-gonzales.com,Marketing,948975
window_dataset,bennett.com,Sales,865084
ground_dataset,hunter.biz,Health,164202
low_dataset,garcia.com,Health,965184
us_dataset,young-hayes.org,Finance,567106
be_dataset,hawkins.info,Cyber,585053
service_dataset,crawford.org,Cyber,501556
degree_dataset,lee.biz,Sales,284922
some_dataset,moss.com,Finance,520732
article_dataset,sanders-combs.biz,Health,611936
rather_dataset,cole.com,Marketing,994044
tree_dataset,dodson-bennett.com,Sales,792650
red_dataset,stone.com,Health,369101
president_dataset,griffith-barnes.com,Sales,576896
ahead_dataset,harris-cox.biz,Cyber,776304
plant_dataset,gentry-arnold.info,Marketing,134564
ability_dataset,miller.com,Sales,447695
ok_dataset,jones.com,Marketing,458811
hotel_dataset,cooper.info,Finance,101515
country_dataset,gilmore.org,Finance,636964
election_dataset,ramsey.com,Cyber,555281
and_dataset,gonzalez.com,Sales,398275
organization_dataset,sanchez-knight.net,Finance,992688
not_dataset,summers.net,Marketing,559461
under_dataset,ward.com,Finance,207856
return_dataset,lewis-jimenez.com,Sales,831251
build_dataset,robinson.net,Marketing,463582
you_dataset,jenkins-pugh.info,Health,605423
nothing_dataset,oneill.com,Sales,182617
strategy_dataset,green.com,Cyber,226610
expert_dataset,craig.com,Marketing,328900
population_dataset,hart.net,Sales,946391
support_dataset,farmer-silva.biz,Marketing,584580
dog_dataset,sims-maxwell.net,Health,827268
think_dataset,smith-moore.com,Marketing,282023
week_dataset,golden-higgins.com,Marketing,873552
contain_dataset,diaz.com,Marketing,568767
cup_dataset,fischer-hicks.com,Health,573014
test_dataset,dixon.org,Cyber,20156
reach_dataset,munoz.com,Cyber,936936
church_dataset,rodriguez-morrison.biz,Sales,899991
red_dataset,lee.com,Health,473691
seek_dataset,marshall-robles.com,Health,727281
color_dataset,howard.com,Sales,796145
her_dataset,wallace-martin.com,Health,764891
fly_dataset,harrington-hale.com,Cyber,789225
interesting_dataset,curry.com,Cyber,847817
draw_dataset,holland.org,Health,676202
join_dataset,white.org,Sales,523396
tree_dataset,porter.biz,Marketing,175506
bit_dataset,garcia-kim.info,Cyber,852119
cut_dataset,ortiz.com,Sales,202919
concern_dataset,ortega.com,Sales,989282
suddenly_dataset,austin.info,Sales,610864
success_dataset,martin.com,Health,324644
at_dataset,allen.com,Cyber,19589
defense_dataset,white.com,Finance,601951
